name,age,address,email
Lajuana Hickle,24,2418 Schulist Islands,jacinto@kihn.name
Louella Kshlerin,25,516 Wilkinson Walk,lillie.krajcik@murray.com
Chadwick Cartwright,28,63810 Flatley Vista,liliana@rempel.info
Mrs. Todd Erdman,45,890 Howell Manor,carlyn@yost-schmitt.io
Emory Huel,44,9682 Melony Junction,floy@doyle.co
Mr. Latarsha Goldner,41,1263 Domenic Streets,hobert@satterfield.name
Agnus Moore,51,212 Melinda Village,marinda.bernhard@schulist-okon.co
Prof. Gertrude Gusikowski,24,82674 Linh Stream,clair@hammes-ohara.net
Clint Hettinger,27,378 Ullrich Courts,rocky@kling-dubuque.net
Coralee McGlynn I,58,959 Swift Extension,esta@quigley.io
Tyson Considine Sr.,46,1669 Dong Street,marquerite_cummerata@hayes-donnelly.org
Stanford Kautzer,53,45217 Ty Views,arthur_abshire@koss.name
Mason Kohler Sr.,44,6661 Garnett Crossroad,jeffrey_bartoletti@kunze-gulgowski.io
Lai Christiansen,49,220 Hills Springs,myriam.kunde@mante.net
Derick Koelpin,26,1522 Reilly Crossroad,hayden@fadel.io
Tracie Howe,30,5705 Thanh Plains,collen@bogisich.net
Joann Cole,46,95208 Aron Coves,damien_grimes@pagac.org
Awilda Osinski,36,1522 Brekke Pines,tyra@metz.name
Diedre Cummerata,31,48820 Alexander Mews,cornelius@pagac.co
Harold Reichert,29,680 Chung Green,zachariah@wilkinson.name
Chadwick Emmerich Jr.,53,3195 Ratke Lakes,roxy@ernser.name
Glenn Dicki III,24,89247 Mariela Knolls,bobbie@shanahan-muller.co
Geraldo Osinski,22,83694 Beer Club,glendora@muller.net
Dr. Ligia Bode,36,5039 Hayden Ford,eduardo@conroy.io
Victor Christiansen,37,59228 Little Harbor,blake@dach.name
Mrs. Gail Walter,58,5651 Goyette Extensions,kareen@metz.com
Xavier Graham Sr.,30,9386 Karina Cove,candace@cole-smith.org
Narcisa Stroman,56,22301 Garry Glen,charles.daugherty@bartell.net
Gov. Luz Hickle,43,68210 Pacocha Points,josie@davis.io
Reid Carter,36,473 Luigi Ports,shanita@walker.name
Lizzette Renner,54,92195 Benny Key,ana@windler.biz
Deneen Hagenes,38,3486 Hipolito Vista,isis_konopelski@maggio.name
Burt Hilll,24,653 Bayer Meadow,eloise@auer.org
Mrs. Lacy Skiles,32,203 Sean Freeway,rafaela@hudson-jaskolski.name
Jazmine Heaney,58,31591 Swift Summit,justina@greenholt-swift.net
The Hon. Indira Conroy,43,22211 Jacobs Key,rico@hayes.name
Franklin Yundt,36,8216 Gleichner Stravenue,cristy.cummerata@stracke.info
Adelia Lueilwitz,25,6902 Soila Neck,eli.kozey@mitchell.info
Alma Hartmann,37,9184 Emard Drives,art@nicolas.info
Zack Moen Jr.,49,4898 Miller Keys,wade@homenick-medhurst.info
Aurelio Powlowski,38,7483 Michal Summit,ralph_oconner@heaney-sauer.biz
Emely Lang,59,15225 Lettie Ridge,benito.doyle@green.com
Marya Towne,23,47146 Margorie Spurs,cedric@zemlak.io
Harold Lebsack,40,981 Runte Key,granville@borer.biz
Margorie Considine,39,7620 Morissette Road,antonio@vandervort-kutch.co
Jake Goyette,35,5150 Parisian Fields,moses@blick.info
Dean Braun,28,21378 Milton Spring,salvador@bednar-frami.info
Marquis Rutherford DC,49,2752 O'Kon Springs,horacio_sauer@olson.net
Yuriko O'Hara,34,330 Burton Cliffs,van.oconnell@weimann-gislason.name
Dagny Quitzon,50,20848 Dorian Stravenue,leola_jenkins@carter.name
Brendon McDermott CPA,41,881 Zboncak Prairie,dewitt_halvorson@heathcote-johnson.name
Sen. Debbra Leffler,25,13232 Cartwright Plain,stacey.schulist@paucek-rath.net
Msgr. Frida Considine,36,3191 Kristine Crossing,lance@klein-okeefe.net
Santos Dicki,58,360 Joane Stream,abdul_fadel@koepp.co
Steven Prosacco,46,51521 Matha Forest,allena@maggio-hammes.biz
Edison Maggio,43,5961 Kub Pine,edward@hartmann.net
Robena Lubowitz,37,3642 Marc Light,sal.oberbrunner@rau.biz
Gov. Luna Feil,21,224 Carlton Extension,garret@effertz.org
Amb. Wendie Cassin,52,8893 Durgan Mall,alfredo@smitham.info
Charlena Kuphal,18,599 Hills Cliffs,williemae_mertz@hessel.co
Keneth Witting,37,214 Bobbie Squares,hank@kris-nolan.com
Pricilla Barton,25,454 Irving Manor,micheal@jacobson-roob.co
Dave Cartwright,34,6257 Gutkowski Spring,pearly_powlowski@gleichner-prosacco.com
Colton Kuhlman,24,519 Armstrong Key,norah_kiehn@schumm.org
Ms. Austin Rogahn,38,79036 Fisher Center,edyth.crist@lowe.net
Marco Stroman,56,77945 Melissia Manor,deanne_crooks@mcclure-ohara.net
Monte Roob,18,156 Pearlie Corner,un.schmitt@cremin.biz
Tenisha Koch,49,420 Ortiz Plain,eddy@predovic-hodkiewicz.co
Alejandra Howell,48,1753 Wintheiser Place,bob@von.name
Dotty McGlynn,27,8561 Adrien Village,salvatore.batz@medhurst-graham.io
Chet Gutkowski,55,513 Dona Garden,romaine@oconner.org
Marissa Wolf,24,868 Gerhold Union,nicolas.bailey@maggio.biz
Victor Walsh,38,83720 Bea Squares,joycelyn@parker.com
Ms. Tommye Kilback,60,48877 Davis Prairie,orville.pacocha@dubuque-will.co
Miss Ghislaine Gusikowski,41,760 Kessler Heights,jospeh_gutkowski@feeney.info
Donald Sauer,43,905 Cyrus Ports,arnulfo@wisoky-walker.com
Merna Weimann,44,1127 Morissette Keys,elayne_bednar@harvey.net
Constance Goyette IV,29,560 Nicolas Ville,lorita.mayert@ortiz.info
Ben Kuhlman,36,3180 Berge Views,leandro.hartmann@kerluke.co
Kristopher Thompson,19,84679 Gail Center,amado_reynolds@weber.org
Lon Gottlieb Ret.,49,177 Donnelly Ford,lynn_kassulke@jaskolski-braun.com
Eusebio Huel,50,132 Schultz Spring,nicholas_volkman@wolf.co
Laurence Leannon DVM,23,9606 Jordon Haven,beckie@langworth-pfannerstill.name
Sen. Lionel Schoen,21,4175 Cherlyn Flat,son@mccullough.co
Leonard Larson,28,12943 Kohler Terrace,guy.macejkovic@runolfsson-daugherty.info
Jayme Russel,26,2916 Yundt Views,zita.crooks@dietrich.info
Jewell Runolfsdottir,52,614 Mayer Valley,mica@swaniawski.org
Malcom Maggio,52,5713 Beahan Station,marilee_schaefer@langosh.net
Hong Reinger,47,9511 Runte Trail,ollie.feest@klein-cruickshank.biz
Idell Kunze,19,685 Michell Key,emely.satterfield@hayes-gislason.info
Nakia Russel,24,465 Jakubowski Trail,joann@yost-stoltenberg.org
Jeanett Hilll,41,534 Okuneva Estates,charles@gerhold-grimes.info
Yuri Parker,54,2074 Effertz Mountain,tony_barton@jones.name
Mrs. Takako Brakus,26,314 Carleen Junctions,arlean_schaefer@ullrich.info
Fr. Benedict Hauck,18,48650 Kilback Overpass,chana_osinski@harber-simonis.biz
Carroll Howell,37,60566 Stroman Prairie,rosemarie@kemmer-gutkowski.io
Alphonse Zboncak,35,61222 Murphy Brooks,lucinda.greenholt@emard-steuber.name
Jesus Dibbert,45,572 Jina Cape,svetlana@borer.org
Sen. Gilbert Kohler,20,43469 Klocko Junctions,lala.roob@flatley.net
Nelle Okuneva,44,8157 O'Hara Meadows,denisse_larson@olson.io
Bradly Bashirian,53,72516 Rowe Drives,arron_halvorson@windler.co
Ms. Wiley Conroy,30,71732 Mignon Hill,trey@beatty-west.name
Jerome Herman Sr.,23,3174 Marlo Way,greg_fisher@wilkinson.co
Eliza Becker,21,71516 Reilly Lodge,herb_mayer@sporer.name
Rachell Crist,43,8043 Auer Islands,peter.kuhn@goldner-pollich.net
Mercy Fadel,23,2753 Skiles Street,drew@ziemann-ledner.org
Sen. Kimber Reilly,56,12072 Mayola Overpass,gil_greenholt@koss.info
Amb. Keely Schaden,19,394 Gerard Station,meta_beahan@feest.io
Carlota Zemlak JD,28,6946 Emard Parks,diego.monahan@fisher.info
Stanley Stokes I,46,62316 Harris Run,tommye@murray.org
The Hon. Dwana Gusikowski,57,243 Macejkovic Trafficway,etta.farrell@hilll.org
Jan Gerlach JD,43,23722 Zemlak Loaf,hai@gleason-ankunding.io
Tracey Trantow,51,458 Ned Ferry,nicki@rath.org
Nanci Kuhlman Jr.,55,1275 Morar Brook,rocco.walsh@gorczany-kihn.net
Clayton Wolff,29,543 Jayson Glen,jeneva_spinka@stark.name
Mr. Fausto Rempel,47,6870 Carlena Views,gianna.zulauf@howe-von.io
Wilfred Casper,18,866 Genny Inlet,mitchel.botsford@considine.biz
The Hon. Cammy McCullough,26,9876 Conn Dale,mina.roob@nienow.name
Tami Volkman,44,8357 Theo Stravenue,len@schmitt.io
Freddie Balistreri,60,6242 Russel Park,larita_stanton@cartwright.net
Margarett Jenkins V,46,146 Ali Plaza,emile_hegmann@jaskolski.co
Harris Schmeler,45,2435 Ortiz Islands,lucien@stanton.io
Van Gerhold,46,435 Shanahan Mews,lydia_streich@kuhic-nicolas.io
Gus Schaden,44,2900 Joshua Gateway,bettie@schimmel.info
Irish Zemlak LLD,48,3807 Denis Vista,truman.heller@carter-oconnell.io
Faustino Bergstrom Esq.,19,8853 Randa Bridge,towanda.runolfsson@yundt.org
Kimberly Stroman,53,956 Bechtelar Freeway,verdell_gusikowski@klocko-howe.net
Prof. Jeremy Johnson,21,7933 Marks Mills,danilo.kirlin@considine-osinski.info
Sen. Bart Hills,28,1194 Nathanael Skyway,shalonda_jacobson@nienow.com
Kathe Gutmann,24,167 Raymundo Centers,christena_johnston@oberbrunner.com
Markus Mohr,54,896 Dickinson Trace,mable@mosciski-ziemann.io
Eddy Miller Ret.,53,7989 Foster Loaf,perry@kling-zieme.info
Forest Harvey,39,7272 Nienow Points,kermit@brekke.name
Kina Kuphal,49,346 Cruz Vista,shaun.rippin@erdman-west.name
Toi Altenwerth,32,44055 Corey Shores,otha.simonis@ortiz.org
Rev. Hoyt Cartwright,24,91396 Kamilah Parks,elvis@stracke-kris.info
Warner Macejkovic,57,59270 Deon River,clarissa.gerlach@baumbach-smitham.io
Hildegarde Shields,30,38292 Pouros Crest,roxanna@terry.net
Amb. Katlyn Kutch,46,362 Marinda Knolls,ezra@roberts.io
Kandace Champlin,18,6020 Yundt Keys,gerry.walter@heathcote.org
Collene O'Hara,22,2115 Willms Isle,paz.larson@cole.info
Kristine Klocko,20,5946 Jaskolski Creek,katerine@kub.co
Ms. Alfonso Ruecker,36,8793 Upton Vista,carson.steuber@schultz-tromp.co
Ezekiel Lang,47,57448 Fisher Inlet,carter@erdman.name
Michele Rempel DDS,59,3610 Florance Springs,alva_boyer@moen.org
Lloyd Wisoky,47,20428 Rosalie Island,johnson@gutkowski.org
Antionette Gutmann,30,788 Nina Walk,david@wolff-collins.biz
Ryan Heathcote,59,2544 Halvorson Islands,marquis@bergnaum.name
Zoe Cummings,50,777 Ernser Hill,rubie@crona-beahan.com
Granville Lynch,35,7536 Konopelski Cliffs,tara@considine.co
Don Graham II,52,3740 Howell Grove,ashely@ward.org
Ms. Norberto McDermott,18,31886 Friesen Wall,timothy_beier@kohler.name
Zenia Mosciski,27,5863 Dietrich Wells,assunta@balistreri-marvin.net
Dr. Kyle Legros,37,804 Lavonna Estate,ethelyn@gorczany.name
Colin Mayert,33,437 Kimberlie Mills,dominick.ebert@macgyver.info
Remedios Schneider,27,72376 Wilkinson Corner,matthew@hegmann-bergstrom.net
Tony Goldner,19,317 Shields Roads,benito_raynor@thompson-simonis.name
Lionel Trantow,30,182 Gibson Hollow,kelley@fisher.co
Fr. Carita Pouros,42,729 Bode Pass,glenn@considine-effertz.biz
Rocky Prosacco,22,85574 Wisozk Plains,francoise@schultz.co
Vicente Kreiger VM,56,8845 Ondricka Bridge,concha.smith@cole.net
Nathanael Botsford,44,1929 Deshawn Terrace,marx.bogisich@renner.org
Geraldo Frami,46,84941 Ileana Glen,malcom@kozey.biz
Sharilyn Mante,60,3129 Bogan Key,santos.shanahan@bauch.co
Mr. Steven Lueilwitz,36,726 Colby Rapids,jo.aufderhar@mayert.co
Ronnie Dietrich,46,858 Hand Glens,matthew.heathcote@hintz-shanahan.com
Joseph Wehner,45,61257 Nader Village,wiley@kris.biz
Fr. Jonathon Predovic,36,44897 Huel Crest,billie.zieme@runolfsdottir-langosh.biz
Jeffery Gorczany,50,7751 Eura Street,roy@armstrong.info
Joaquin Thompson,35,2293 Newton Centers,inez@wunsch.com
Christinia Reinger,49,1275 Donnie Branch,carma@larson.co
Amb. Taylor Dach,22,21112 Marcel Oval,lavonda.barrows@satterfield.com
Royce Mitchell,33,13048 Towne Isle,antionette@mckenzie.name
Elene Erdman,24,1193 Carl Creek,thaddeus@terry-dickinson.org
Rico Lemke,58,98703 Brakus Haven,margarite_heathcote@wehner.io
Lowell Trantow,23,4991 Shanahan Flats,jeromy.mante@oreilly-ernser.io
Wade Hartmann,20,600 Louise Track,gayla@runte-batz.info
Mitchell Romaguera,56,837 Louis Squares,wanita@conn.org
Gov. Damaris Durgan,54,308 Kunze Lights,zola_kirlin@erdman-howell.name
Celestine O'Hara,39,9000 Bradtke Path,adolph@becker-wisozk.net
Fr. Ferdinand Roberts,39,3335 Bernier Row,alphonse_parker@stiedemann.net
Mario Brekke,53,11614 Hyacinth Squares,dorthea@jaskolski.org
Ambrose Smitham,56,7712 Witting Wells,rufus_rutherford@thompson.name
Coy Howe,27,29818 Witting Plains,lan@fay.name
Rev. Alexander Botsford,54,75059 Blanda Drive,wilma_barton@denesik-spinka.io
Fermin Dietrich,23,525 Clay Ranch,titus@kirlin-senger.com
Tod Ledner,18,4911 Buster Forge,erasmo.cartwright@klein.com
Mr. Ariel Thiel,52,617 Hugh Creek,johnathan.paucek@okon.name
Wilford Ferry,29,44710 Boyer Harbor,jim@hodkiewicz-glover.co
Amb. Geraldo Goldner,49,8174 Jannette Port,lise@lueilwitz.org
Fred Brown,19,7704 Beatty Station,bridget@towne.io
Sam Baumbach,55,68860 Johana Pines,rubi.schuster@schmeler-wehner.org
Ryann Kuhn,26,7045 Luettgen Walk,antonina@hills.org
Mr. Katherine Koepp,33,48189 Franchesca Estate,maricela@farrell.biz
Jefferson Hauck I,35,8492 Bartell Locks,alise_bahringer@toy.info
Sebrina Hoppe,46,311 Johnson Port,luther@mohr-lang.net
Manuel Herman,29,428 Christiansen Gardens,luciano@considine.net
Lamonica Hahn III,28,3190 Feil Union,christian@stokes.com
Sung Altenwerth,27,68615 Ruecker Pines,brynn@kovacek.com
Glenna Bauch,31,5007 Spinka Divide,garry@gislason.io
Malika Davis,47,759 Rodriguez Hill,guadalupe@carter-adams.name
Cleveland Hills,32,844 Gutmann Heights,noe.rippin@durgan.info
Rep. Anjanette Fahey,52,672 Reynolds Squares,velva_okuneva@sipes.org
Valentin Kertzmann,26,7564 Koss Prairie,trena@toy-champlin.biz
Johnathon Schultz,43,111 Hee Summit,ramiro.quitzon@gleichner-schmitt.io
Nathan Gutmann,33,5179 Fabian Stravenue,dominic@bode-abshire.name
Aldo Little,31,1765 Wilderman Rest,toby@okon.biz
Shantel Barton,18,50205 Sid Wells,harry@fadel.biz
Hiram Rempel,26,131 Carroll Vista,marcella@price.org
Hiram Leannon,28,839 Dennis Overpass,wendell@treutel.org
Marcel Stracke,24,8990 Chung Alley,don_howe@krajcik-gibson.io
Angelic Wiza,22,8329 Pouros Squares,corey_torp@von.co
Hyo Dicki,53,37694 Greenholt Fields,melanie_white@stracke.co
Samual O'Keefe,44,865 Wehner Motorway,kory_mohr@ratke.co
Lauri Schmitt DC,27,9706 Nikolaus Walk,hertha@schuppe-daniel.io
Prof. Minh Hagenes,52,385 Gia Plaza,cristopher_bechtelar@hahn-kiehn.net
Willard Ankunding,46,6477 Flatley Centers,chang@schuster-stracke.net
Lakesha Beer,53,97337 Hane Mountain,jimmie.gottlieb@grady.net
Dwain Cruickshank DDS,51,6452 MacGyver Unions,arthur@durgan.co
Emmy Pouros,51,6161 Mante Trail,corine@metz-collins.org
Eugenio Hand Jr.,59,2128 Homenick Mountains,daryl@mertz.net
Madlyn Shields Ret.,38,30059 Roseanna Way,silvia@bernhard-zboncak.biz
Hosea Farrell,37,539 Purdy Stream,colette.towne@hilll.com
Jannette Lindgren,24,9122 Hahn Knolls,erich@koss.name
Carly Langworth,47,47445 Bryan Heights,alfred@fay.biz
Minna Buckridge,42,5593 Jenette Rapid,kelly@lakin.info
Matt Mante,26,8375 King Gateway,odis@kiehn-oconner.info
Slyvia Blick,20,6221 Cormier Views,jamie@considine-johns.info
Kasey Harris,20,126 Phoebe Harbors,olin.ruecker@pouros-okon.net
Scottie MacGyver,20,26859 Jamison Keys,cesar@dare.net
Blondell Cormier,28,4080 Jenkins Stravenue,renetta.ebert@champlin.name
Quintin McKenzie,60,59109 Hegmann Greens,syreeta_pagac@anderson-schoen.name
Fr. Morris Johnson,37,7040 King Mount,lizzie.bruen@kozey-rippin.io
Prof. Hipolito Wilkinson,53,5988 Doyle Corner,chante@lowe.name
Nora McLaughlin,43,127 Koch Extensions,kimiko_okon@hills.io
Vincent Raynor,55,34377 Kurt Cove,xuan.streich@ebert.io
Margo Howe,39,7143 Larkin Corner,tony@rogahn-lind.biz
Dean Douglas,26,3216 Adrien Cove,jammie.goldner@orn-lindgren.org
Julio Hirthe,52,1765 Hand Spring,loan@ryan.com
Rhonda Boehm,26,550 Jessika Club,clinton@wolff.name
Jenna Prohaska,36,923 Champlin Burgs,everett@lemke.io
Neil Dietrich CPA,60,787 Reynaldo Way,peg_mcclure@jast-herman.com
Devin Wolf,56,23502 Doyle Key,lynne@erdman-stokes.info
Bethanie Marvin,59,5810 Deedra Fords,christene@hahn-lindgren.net
Lonnie Erdman,33,622 Kassulke Throughway,emely_mueller@borer-walker.org
Saran Ebert IV,48,2701 Harriette Passage,armandina@jakubowski.name
Isreal Berge Jr.,38,801 Leuschke Locks,essie@bradtke.org
Prof. Sanford Borer,47,524 Gleichner Manors,shayne@krajcik-dibbert.info
Grant Beier,37,64789 Metz Land,patrick_lowe@fritsch-bogisich.info
Dr. Donita Graham,47,3567 Domingo Stravenue,max.volkman@leannon-bogisich.com
Shirleen Nienow MD,59,623 Murazik Burg,curtis_schumm@rutherford-berge.com
Audrey Hessel,24,268 Dorine Orchard,nakesha@carroll-beahan.org
Lyle McGlynn,22,8431 Karissa Crest,kayleigh@okon.io
Fred Prosacco IV,31,23849 Le Mount,tam@gottlieb.net
Levi Thompson,57,95010 Upton Garden,angel@bergstrom.com
Ruben Smitham,35,2688 Grover Cape,ricky@larson-toy.biz
Emile Hermann,26,153 Miller Street,rhona_herzog@schaefer-sanford.org
Doug Mills,59,9514 Tiera Points,leonel@breitenberg-beahan.co
Lonnie Kreiger LLD,33,14184 Ledner Ridges,yahaira@walter-schultz.biz
Ms. Linwood Schiller,32,415 McLaughlin Forest,jamey@schulist-stehr.org
Jolyn Langosh,26,1698 Hermiston Isle,maribeth.towne@gottlieb-schoen.co
Ngoc O'Connell,34,24961 Shoshana Cliff,michiko_weber@sipes-west.biz
Bruno Goldner,38,4948 Lubowitz Keys,roosevelt@cummings.name
Morton Abshire,43,4725 Tyrone Corners,ezequiel@kunde.co
Rep. Victorina Becker,59,5583 Grimes Roads,trudi_quigley@fahey.biz
Mercy Greenholt,43,2170 Schaden Forks,hiram@mitchell.com
The Hon. Robbie Schaden,37,88613 Hilll Row,mitchell_waelchi@hand.name
The Hon. Deandre Hyatt,19,3840 Orn Manors,earl@tremblay.io
Charity Russel,56,3799 Schultz Forest,ira_rath@pacocha.biz
Nella Macejkovic,55,8482 Bauch Bridge,enola@lehner-gutmann.net
Gov. Bo Schiller,58,28141 Murray Run,jong@huel.org
Gov. Corrine Quitzon,58,54729 Treutel Unions,carlie@powlowski.net
Earleen Satterfield,39,363 Rohan Ridges,byron@robel.org
Jackeline Kautzer,55,72501 Felicidad Mountains,perry.schumm@gerhold-fritsch.net
Msgr. Chung Bosco,48,54121 Keith Square,geoffrey@kozey.io
Bianca Gutmann,59,22828 Haley Freeway,minnie.cartwright@hansen.com
Cesar Baumbach,26,974 Mann Glen,nova@daugherty-sporer.org
Amb. Xavier Wisozk,35,718 Chi Way,abram.fadel@mueller.info
Sen. Luise Friesen,37,732 Kessler Islands,tiera@funk.org
Ricardo Gerhold,31,9602 Becker Harbors,taylor@pollich-wiegand.io
Delena Jerde,34,71935 Hagenes Knolls,willa.kertzmann@denesik-pollich.net
Kieth Baumbach Sr.,38,70842 Runolfsson Curve,micah@streich.biz
Adah Boyle,45,528 Eusebia Rapids,rory@beier.info
Amado Schroeder,20,57562 Despina Vista,tenesha@conn-ziemann.co
Lamont Schaden,49,15156 Heidenreich Plains,bari.kuhlman@stoltenberg.io
Leonard Reichert,23,62757 Miller Springs,edwardo_carter@kling.info
Jenice Bernhard JD,53,3982 Saul Landing,buddy_schulist@yost-pagac.co
Gaynelle Satterfield,59,7532 Lon Fields,eugenio_corkery@collins.com
Mr. Jerrold Murray,35,56057 Gabriela Run,ashanti.schiller@little-steuber.info
Karima Windler DC,23,2198 Felicidad Trail,misti@schinner.org
Zofia Reilly MD,53,89657 Philip Overpass,jimmy@olson.name
Mac Berge,39,337 Amanda Skyway,luther@heller-runolfsdottir.co
Deetta Harber,51,965 Laverne Port,simon.orn@hodkiewicz-kassulke.name
Lorina Cole,38,359 Cummerata Road,vance@walsh.net
Devon Gutmann DO,26,44370 Hahn Key,santo@mitchell-haley.info
Danna Sauer,47,790 Noel Spur,natosha_olson@kris.name
Harlan Frami,26,1830 Jeanett Mall,jimmie@harris.net
Reatha West I,48,2174 Kris Flat,chassidy@kub.co
Cyrus Cremin DVM,45,7072 Stiedemann Gardens,franklin_ebert@quitzon.net
Terra Bernhard,56,363 Allen Vista,kip.dietrich@bayer-roberts.biz
Isaac Robel,26,533 Allan Crest,claudio@johnston.biz
Diego Bednar,32,425 Bayer Stream,nakisha@veum-grimes.org
Margy Kassulke I,21,56868 Bashirian Valleys,herminia@ullrich-yost.io
Anton Lemke,35,559 Audrea Shore,lucien.bogan@ortiz-grant.co
Brande Murphy,35,8549 Ozella Route,libby@fritsch.name
Dr. Enoch Torp,22,7306 Freeman Pines,ok.auer@funk.info
Rev. Herb Schuster,49,54579 Marquis Tunnel,ute_turcotte@ortiz.com
Minnie Schumm DDS,32,2061 Jackelyn Gardens,devin_kunde@langworth.io
Bryan Grant,58,9676 Satterfield Underpass,broderick@wintheiser.co
Hana Reilly,56,11939 Jonathan Shoals,audria@moore-turner.name
Richard Mitchell,31,9956 Richard Fort,ahmad@strosin.com
Maryanna Marquardt,23,821 Milton Points,toby_anderson@sanford-greenfelder.net
Whitney Leuschke,48,88443 Hong Station,neville@kunde-schamberger.info
Darrin Yundt,51,36095 Abshire Dale,cherri_howell@botsford-lakin.biz
Tobias Donnelly,54,1234 Adams Haven,syble.koepp@rice.com
Galen Schaden,20,6238 Stoltenberg Ramp,earl.oberbrunner@spinka-ohara.org
Jaunita O'Conner,55,611 Conrad Vista,oren_stokes@brown.name
Roxanne Lebsack,34,298 Lawrence Ridges,gayle@quitzon.com
Mrs. Hilario Weissnat,30,857 Henry Walk,rolande_welch@harvey.net
Jeramy Waters,52,519 Barrett Bypass,fernando@emmerich.name
Hanna Hauck,47,31489 Koelpin Views,jc@bruen.io
Rodolfo Feeney,60,15112 Tillman Port,palmer.shanahan@zieme.name
Odell Schmidt,28,404 Baumbach Ports,boyd@schinner.info
Dr. Toby Leuschke,40,7060 Kandice Pike,myrtle@goyette.info
Xavier Hickle,55,5554 Boyle Green,august@torp.com
Elvis Fadel,60,94686 Bauch Prairie,rubin@schmitt.info
Bobby Wisozk,39,99295 Leuschke Keys,adan@quitzon.io
Yuri Nolan,34,634 Becker Court,rocky.koepp@bins.io
Emmie Turner,21,98091 Kilback Island,thomas@waters-oconner.info
Babara Hammes Esq.,26,431 Hudson Mall,sue.jakubowski@graham-bogan.biz
Rev. Renata Dickinson,36,2951 Sylvester Oval,derick_hirthe@bailey-lindgren.co
George Brekke,58,201 Emmitt Junction,mel_bednar@luettgen.org
Arla Rau,51,198 Jast Pass,joie@ankunding-crist.info
Geraldine Kirlin,36,856 Schroeder Green,lawrence.emmerich@labadie-altenwerth.com
The Hon. Ashlea Maggio,23,958 Borer Circles,sophia@ortiz.com
Angelo Walker,26,8704 Elmo Mountain,henriette_wilderman@crona.biz
Chadwick Konopelski II,47,73266 Lani Valleys,andres.schimmel@kris-watsica.info
Kris Cronin,32,46528 Anh Prairie,wiley.murazik@vandervort-rosenbaum.info
Vanetta Kling,59,24127 Darleen Crest,darius@cremin.biz
Kraig Collins,46,40401 Spencer Motorway,tenisha@satterfield-schoen.biz
Shane Wyman,18,38699 Goldner Station,madlyn.lesch@kihn-kulas.org
Izola Schumm,30,9211 Jerde Divide,jonathon_gerhold@prosacco.info
Chung Bechtelar,54,5152 Mohamed Underpass,basil_mitchell@beer.co
Lavina Lind,51,1749 Logan Mountains,isaiah.quigley@nienow.org
Barabara Reichel V,42,896 Seth Landing,tanja.stiedemann@marks.co
Fabian Emard,58,599 Rosemarie Spurs,wilhelmina.collins@kozey.name
Thaddeus McLaughlin,56,45326 Franecki Manor,nicholas@wintheiser-ratke.biz
Jenny Skiles,30,479 Coralee Walks,percy.sipes@hickle.name
Elliot Mann,24,1957 Broderick Roads,stacy.will@waters.info
Refugio Price,19,550 Kulas Curve,jeanmarie@will-walker.io
Jerrie Feil,25,14429 Rickie Extension,judith_altenwerth@kovacek-macejkovic.com
Ismael Douglas,46,11046 Wesley Meadow,francesca@kling.com
Vena Frami,51,109 Earline Run,jessi.gorczany@bayer.net
Tod Swaniawski,60,935 Matt Square,harley_ondricka@langworth-west.name
Elnora Turcotte,60,570 Stark Port,troy.orn@hoeger.info
Oleta Morissette VM,34,89466 Kertzmann Fall,moises_moore@davis-sawayn.info
Ali Jenkins,30,5657 Leonardo Knoll,lonnie@howell-koelpin.info
Kenny Rempel,25,84045 Bogan Harbor,kaley_bradtke@fahey.co
Rudy Keebler,58,5440 Sasha Creek,lauren_balistreri@shields-johnson.biz
Scarlet Casper,49,71463 Moshe Forks,deb_grimes@abbott.info
Charis Murray I,43,340 Ghislaine Wells,stewart.jerde@ankunding.co
Fr. Yoshiko Ankunding,34,8486 Petronila Spurs,nichelle_volkman@flatley.biz
Jess Kirlin PhD,31,87970 Schimmel Rue,stephany_bailey@mosciski.info
Hilton Swift,46,74220 Luciano Parks,tiffany@kovacek.co
Pres. Al Dibbert,27,554 Sawayn Orchard,erica_schmitt@luettgen-crooks.net
Ned White,20,459 Allen Valleys,bruce@koch.org
Porter Satterfield,60,31078 Tory Shoals,shavonda.kilback@dubuque.name
Claudette Moen,59,996 Fritsch Harbor,junior@sawayn.org
Sherlyn Spinka,45,809 Homenick Oval,milo_franecki@rogahn-sipes.name
Danelle Fahey,55,987 Leta Overpass,clotilde@feest.name
Tyree Stehr CPA,20,58457 Augustine Court,ed@gutkowski.co
Zelma Runolfsdottir Sr.,37,113 Marks Roads,eun.batz@prosacco.com
Amb. Tommy Bergnaum,30,51413 Earline Cape,terrilyn.grady@bins.org
Rev. Larissa Konopelski,46,4158 Borer Ports,wallace@aufderhar.com
Taren King,43,7456 Dach Viaduct,renita.reichert@mcdermott.co
Charissa Olson LLD,45,929 Marsha Cape,kitty@borer.info
Emil Gerhold,36,6905 Abel Cove,carmen@casper.biz
Rep. Rodger VonRueden,42,71104 Elida Village,beau.kshlerin@collier.io
Marc Trantow V,18,44279 Abshire Lane,shelby.pollich@pfeffer.biz
Garrett Heidenreich Sr.,27,540 Tromp Corners,quincy.schiller@roob.net
Rosaura Mante,36,9350 Johnston Underpass,jerry@jerde.co
Gov. Petronila Schultz,26,67316 Irwin Heights,avril_weber@predovic.biz
Erin Daniel,44,282 Izetta Forge,mikel@lemke.io
Mr. Robert Stark,29,246 Crystal Plaza,janessa@zboncak.info
Pasquale Heathcote,30,562 Mel Harbors,kerri_brekke@sporer.info
Ms. Kennith Hessel,45,90231 Irvin Plain,gidget.lebsack@auer-tromp.com
Isobel Koch,45,633 Luettgen Ridge,genevieve@labadie.com
Manda Hand,59,8890 Candice Shore,benedict@goyette-mitchell.net
Benny Fritsch Jr.,60,6373 Bahringer Roads,shavonda@abbott.biz
Iraida Davis,31,14150 Ullrich Tunnel,everette.bednar@ullrich.net
Pilar Muller,26,385 Len Path,albertha.vonrueden@dickinson.io
Ms. Leilani Yost,57,20229 Dietrich Lane,dominque.block@nolan.com
Ms. Willie Harris,21,9474 Laverne Pines,mariano@hegmann.com
Eldridge Leuschke,22,70741 Steuber Mount,levi@kreiger.com
Charline Schultz CPA,35,34808 Tomas Road,hipolito_sipes@heathcote.io
Renita Parker,36,440 Angelo Circles,ellis@hamill-cruickshank.net
Catarina Schaefer,19,54694 Ashlea Lodge,jonathon@dickinson-feeney.biz
Fr. Blaine Armstrong,21,7349 Orn Alley,giovanni@raynor-bode.com
Douglas Jaskolski,25,5427 Fahey Stream,randolph@kihn.co
Annamarie Glover,52,12487 Bayer Mews,whitney_schaden@funk-bailey.info
Nathanael Pagac,26,8771 Cremin Highway,elvin@daniel-treutel.com
Tony Rau,40,8160 Deandre Club,jake@marquardt-greenfelder.org
Brandi Block,58,6043 Gonzalo View,brad.rohan@raynor.net
Lucille Spencer MD,38,5972 Stan Turnpike,thomas.hermiston@schaden.info
Zonia Oberbrunner DVM,31,4429 Buford Walks,hans_jenkins@wuckert-steuber.io
Modesto Nikolaus,53,607 Nathanael Hollow,antony.rowe@auer-koelpin.io
Rev. Brendon Senger,34,714 Steuber Falls,belva_wehner@lehner.info
Prince Fay V,49,63750 Prohaska Centers,les@lemke.net
Dexter Littel,29,9491 Trenton Divide,peggy@grant.info
Gudrun Macejkovic,31,246 O'Conner Dale,homer@fay.org
Norberto Willms,33,508 Lon Port,jeremiah@ruecker.info
Norman Corwin,60,252 Jules Wall,chang_reinger@halvorson-cummings.co
Edmund Raynor,29,43554 Gleason Road,jani_hilll@hills.info
Barbara Hermann,35,53158 O'Hara Curve,sari.waters@wyman.org
Sharell Mayer,21,263 Temeka Dam,suzan_keeling@baumbach.biz
Ezequiel Swaniawski,49,4836 Thiel Coves,mariel@hickle.biz
Kareem Tillman,25,380 Beatty Plaza,rivka_treutel@heller.com
Ken Smith DO,20,9520 Hessel Streets,fausto@hane.name
Neely Cummerata,42,970 Burton Flats,nathaniel.medhurst@bergnaum.org
Pres. Launa Fisher,47,1065 Schmitt Garden,marquetta@schaefer.io
Darius Buckridge,32,33234 Gibson Inlet,kelley.bode@feil.org
Anastacia Crist,35,6667 Earnestine Dam,merna@tremblay.net
Audria Jacobson,23,881 Francis Harbor,keli.kiehn@emard-price.biz
Dr. Elwood Doyle,26,3423 Elias Corner,hilaria@marks.net
Flor Pfannerstill VM,60,186 Corwin Plaza,carlie@connelly.info
Daryl Hessel JD,41,3866 Schinner Prairie,blanche@marquardt-predovic.co
Deanne O'Keefe,55,8890 Keith Stravenue,ruth@labadie.org
Ismael Jerde,53,145 Quitzon Crossing,edward.bartell@boyle.co
Aimee Goodwin,57,603 Pearlene Estate,marlin@runolfsson.org
Jenette Harber,46,8368 Tyrell Vista,maryanne@schamberger-mayer.info
Charmain Bernier,39,91205 Hickle Brook,tanya_lesch@hoppe.io
Shane Lubowitz LLD,42,46975 Trish Field,eleanore@boehm-crist.com
Vernon Boyle,60,4210 Ferry Skyway,beaulah.ruecker@greenholt.org
Gustavo Vandervort,28,676 Balistreri Views,una.goyette@ritchie-parker.com
Damian Gerhold,30,8681 Hagenes Center,fritz@emmerich-ernser.info
Rev. Amado O'Conner,44,91308 Marshall Unions,lisette@gibson.co
Basil Torphy,57,72631 Kasey Spurs,benito_cummerata@dubuque.io
Rev. Judy Grimes,47,6485 Wisoky Brooks,carmen.huel@stiedemann-reichel.net
Ms. Jerrod Greenfelder,56,2678 Kenyatta Locks,elna_will@sauer.name
The Hon. Rusty Labadie,28,372 Adam Track,betsey.herman@thompson.com
Ellen Rice,35,93348 Gutmann Island,jerrod@walsh.co
Orlando Heathcote,23,782 Macejkovic Club,milan_funk@price.com
Graham Armstrong,48,229 Dannie Meadow,latrisha@willms-schneider.co
The Hon. Mae Flatley,28,811 McKenzie Mountain,pam_zboncak@deckow-stroman.net
Dominic Bradtke,18,13924 Lemke Trail,carline@dare.info
Joel Grant,36,939 Vandervort Rapid,tyson@dach.io
Miss Adria Little,60,19182 O'Kon Forest,shayne_king@dach.org
Mr. Thomasena Towne,48,41721 Koelpin Walk,erinn.moore@thompson-bashirian.net
Enoch Cormier,50,8943 Anderson Unions,lonna.bartell@wiza.net
Marion Marks,35,302 Valentine Loop,priscila.rutherford@johnson-schumm.co
Madaline Schuppe,28,744 Herman Mission,antwan_pollich@mohr.com
Maxine Hamill,27,179 Senger Groves,yasmine.schuster@altenwerth-pacocha.biz
Pres. Gerald Kutch,56,64745 Halvorson Ports,evalyn_rodriguez@schinner-larkin.info
Donna Maggio,24,66229 Harris Views,rosita.pouros@schmidt-herzog.info
Fr. Fernanda Rippin,18,5422 Logan Extensions,sheri_lehner@douglas.name
Geralyn McClure,50,34845 Farrell Meadows,dong.hoppe@kshlerin-stark.biz
Selene Gibson,26,355 Kuhlman Islands,anastasia@conroy.io
Gino Rosenbaum,50,6249 Marilou Valley,maple.haley@denesik-mcdermott.info
Joan Champlin,18,5091 Jerilyn Manors,shad_osinski@hauck.net
Stuart Crist,23,40600 Klein Roads,juliane_murray@wolff.io
Kristine Pagac,48,38784 Becker Keys,cletus@mitchell-roberts.biz
Aleshia Bailey,40,183 Langosh Common,laurinda@metz-jerde.biz
Hassan Russel,43,586 Legros Heights,karly_kulas@monahan-bogan.org
Almeta Kessler MD,45,323 Bradley Crescent,marietta.larkin@okeefe-skiles.co
Msgr. Catarina Jaskolski,18,518 Lavette Mountain,leda@stoltenberg-klein.name
Msgr. Dylan Jacobs,45,3724 Kassulke Spring,aron@emmerich.name
Alfonso Rohan,50,8980 Ondricka Wall,ila@bode-beatty.net
Robert Williamson DC,49,72378 Glen Drive,fausto.rolfson@collins.com
Elisha Morissette,51,5949 Glennie Inlet,ronald@heathcote.biz
Grace Prosacco VM,58,40939 Batz Ridge,ted.cronin@mann.net
Gavin Wilderman,50,5449 Aubrey Harbor,mallie.russel@buckridge.co
Shad Kreiger,27,1130 Nelle Club,raymon@rath.info
Refugio Toy,49,702 Leia Stream,efren@schimmel-koch.biz
Randell Kutch V,45,658 Hamill Rue,wilber@heidenreich.org
Mauro Schuppe,25,7705 Dare Lights,joline.wunsch@schaden-mayer.info
Chang Larson,37,299 Heidenreich Ports,meda@nitzsche.info
Chauncey Emmerich,36,52027 Schimmel Rapids,federico@ritchie.co
Allyn Christiansen,60,685 Hildegarde Falls,norine@gislason-upton.io
Roma Schmidt,58,99221 Caleb Mission,boris@fisher-muller.name
Wilmer Hodkiewicz,44,2972 Lehner Course,serita.stamm@padberg-king.co
Arnulfo Dibbert,31,12877 Coral Key,colette@emard.co
Frederic Walsh,44,833 Shu Prairie,carmina_balistreri@hamill-kiehn.io
Msgr. Natashia Marquardt,49,7080 Trey Ramp,rogelio.towne@bartell-hand.net
Miss Dee O'Keefe,48,85830 Sol Ways,randolph@rodriguez.io
Thu Medhurst,53,841 Rema Gateway,buford.bins@oconnell.biz
Ms. Fernando Prosacco,35,494 Louis Run,rochelle_jenkins@collins.name
Sebastian Schumm,48,211 Melida Loop,farrah@quitzon-schaden.name
Dewitt Bernier,44,75723 Legros Common,myrtis.crist@metz.info
Prof. Monnie Mann,27,8941 Hayes Court,krissy.murray@bauch.co
Felipe Cassin,40,257 Macejkovic Pass,emelia.durgan@kub.co
Starla Hoeger,20,5053 Rau Shores,sol@hamill-gerhold.com
Elvis Schroeder,56,862 Agustin Road,anthony@stiedemann.biz
Coralee Renner,38,89934 Neville Turnpike,johnathan@jenkins.net
Jake Schoen,35,72628 Bonny Walk,sang@rogahn.org
Elmer Heidenreich,48,55996 Ruth Pines,dorian.beer@crooks.co
Danilo Lemke PhD,55,747 Hessel Green,tracy_torp@fahey.org
Valentin Lakin,36,609 Georgetta Union,renay.gottlieb@hackett.io
Wilford Walker,19,509 Guadalupe Streets,joaquin@miller.org
Gov. Walter Sipes,59,5514 Schinner Village,ian@bergnaum-nader.io
Ronna Greenfelder,56,579 Kelley Junctions,herschel.kovacek@ohara-hahn.biz
Tyisha Rau,47,6532 Sporer Estate,jeanett.jakubowski@farrell-bednar.biz
Darius Bins MD,32,50260 Howell Way,melvin@hane-predovic.info
Msgr. Lovie Stamm,52,108 Audra Islands,christian.stehr@witting.org
Luanna Rau,31,644 Mathew Court,adina@goldner-kessler.co
Rafael Kuphal,52,35642 Bryant Courts,janita@hudson.name
Asuncion Romaguera,40,80060 Fiona Mills,joie_satterfield@harber.co
Corie Flatley,19,98793 Sharri Pass,mike.purdy@rippin.com
Marion DuBuque,28,2030 Chas Place,vernon_funk@nader.info
Rep. Charlie Mills,27,799 Del Ports,denna.moore@smitham.net
Blondell Fritsch,37,73271 Michaela Viaduct,magdalena.romaguera@grimes-kunze.org
Marquita Stamm,57,85660 Emile Stream,eusebio_howell@herman-armstrong.co
Donnie Rippin Esq.,48,157 Heller Island,shad@stroman.info
Dane Kuphal,40,85038 Cormier Port,efren@mayert.io
Cordell Lueilwitz,60,2071 Altenwerth Isle,bambi_carroll@champlin-beahan.biz
Garth VonRueden,60,5052 Kessler Spring,tashina@jacobi-hansen.io
Roosevelt Renner CPA,18,952 Schmitt Junction,vella@erdman-kshlerin.co
Jessie Braun,51,54969 Glover Overpass,teodoro@schowalter.io
Bronwyn Kub PhD,42,7905 Mac Flats,eloy_hagenes@kutch-west.biz
Augustus Murphy,52,565 Janel Fords,julio@lesch-dickinson.net
Ja Parker,23,34738 Dung Vista,quiana_fay@watsica-borer.org
Michal Windler MD,39,705 Augustina Drive,adrian_farrell@denesik.io
Julissa Gerhold LLD,35,1093 Hettinger Trail,kaleigh_feil@kertzmann-dickens.org
Chas Terry,49,22803 Keely Trace,chung@champlin-vonrueden.io
Harlan Bogisich Ret.,59,4259 Stokes Crest,leslie@jerde-damore.biz
Rep. Randolph Brakus,29,7756 Deeanna Brooks,jesusa@bednar-stamm.net
Pres. Alex Schimmel,34,8291 Veum Canyon,karri@hessel.info
Toni Christiansen,53,32399 Hauck Dale,walter@sawayn.net
Adrian Jacobson,60,56712 Pollich Gardens,weldon.boyle@rath.org
Mrs. Maura Kling,50,6938 Kirlin Place,sammie.gulgowski@dibbert.name
Jeneva Steuber,33,8734 Robby Parkways,james.kessler@hegmann.com
Sang Maggio DO,29,1008 Watsica Plaza,aldo.barrows@damore.com
Richie Boyer,40,86696 Yoko Haven,sabina.rodriguez@raynor.biz
Kattie Borer MD,28,90894 Donnelly Plaza,filomena@koss.name
Clora Breitenberg,59,723 Johnson Loop,willis@reynolds.info
Chaya Ondricka,18,6746 Ruben Dale,ralph.boehm@pacocha-reinger.net
Fred Volkman IV,22,2774 Edna Springs,chauncey_hettinger@herzog.biz
Diego Kassulke PhD,58,9210 Brown Court,marinda@bednar-harber.com
Dr. Barton Keebler,38,858 Jakubowski Ways,elbert.koch@bogan.co
Calvin Raynor DDS,53,14253 Volkman Junctions,jacques_jacobson@bogan.biz
Arlie Leuschke MD,56,3630 Ratke Parkway,barton_hettinger@jones.co
Jefferey Nikolaus,42,3095 Hamill Club,merlene.erdman@beahan.org
Kory Jakubowski,28,72171 Stasia Ridge,marcellus@walsh-runolfsson.com
Pamelia Heller MD,39,937 Toy Inlet,jason.mcclure@kessler.org
Mack Ritchie,33,928 Gerhold Extensions,tami@ortiz-hansen.co
Francina Halvorson,44,9985 Tinisha Avenue,hal@rowe.com
Florida Wintheiser,20,596 Gislason Junctions,ora@purdy.com
Pricilla Metz,32,2775 Predovic Trace,mack_wolff@schmidt.co
Gaynell Ondricka Jr.,26,42456 Ratke Locks,shonna.carroll@cartwright.info
Hsiu Bartell,56,2477 Ziemann Parkway,gisela@lakin.co
Kraig Prohaska,47,48994 Powlowski Valleys,ferdinand@schultz.name
Flavia Jacobi,38,54769 Raisa Camp,audrey.hahn@auer.net
Vanetta Towne,25,7040 Auer Mews,dick.murazik@rowe.name
Mike Swift,20,429 Romaguera Estates,tabetha@christiansen.name
Rep. Franklin Wiegand,30,16986 Maria Run,jacinda@hodkiewicz.name
Rev. Chelsie Maggio,31,45693 Marilee Pass,olga_weissnat@wuckert-mitchell.name
Nickolas Kassulke,42,1069 Dwight Circle,shaina_sanford@maggio-heidenreich.net
Ms. Cherise Zulauf,18,841 Lakin Forks,jacquline.graham@cruickshank.info
Mr. Wyatt Barton,35,229 Frami Gateway,roslyn.lockman@hahn-von.name
Chandra Reilly Ret.,55,4638 Bunny Tunnel,evan_oconnell@rowe.org
Hermila Frami,59,85066 Medhurst Squares,michel@barton.co
Adolph Homenick,22,7371 Ezequiel Via,keneth.nicolas@conn.org
Mr. Luise Leuschke,39,531 Keenan Stravenue,celine_bahringer@schaefer.co
Joesph Luettgen,54,30975 Zieme Square,martha@runolfsson.org
Selene Pagac,35,204 Sueann Village,doretta@littel.info
Kaycee Abbott,19,372 Murphy Place,nakia@murray.net
Archie Schaden,35,65819 Reyes Land,quincy_jenkins@champlin-mitchell.name
Ethelene Murray,52,2566 Moses Trail,maye_brekke@parisian-stracke.biz
Mrs. Napoleon Bradtke,49,1487 Maudie Junction,stefani_hermiston@russel.name
Salvatore Casper,51,7756 Mohr Roads,emilio_klocko@reynolds-damore.biz
Lemuel Morissette,39,102 Beatty Wells,catharine@conroy.co
Naomi Ratke,58,7072 Min Skyway,josiah.lueilwitz@wisoky-ziemann.org
Claude Rohan Esq.,28,350 Jenee Flats,theo.pfannerstill@gleichner.io
Genoveva Rodriguez VM,33,8726 Emilia Springs,rich_anderson@kuvalis.name
Tempie Donnelly,58,3807 Zackary Bypass,paulene@harber.io
Milda Becker LLD,49,2667 Benton Stravenue,omar@cummerata-swift.io
Na Littel III,52,72769 O'Connell Rapids,devin@wisoky-beatty.net
Dillon Yost CPA,24,322 Elin Prairie,sidney.parker@bechtelar-mcclure.org
Jeanne Gerhold MD,31,40215 Dreama Track,lilla_ryan@bernhard-kuhn.name
Leslie Tremblay,54,23144 Marcell Drives,jessi_batz@wintheiser.net
Rep. Marshall Pouros,26,8017 Deangelo Ports,judie@trantow-okeefe.io
Fredric Renner,36,48996 Hessel Run,christian.mertz@harris.com
Todd Orn,42,1296 Kovacek Crossing,ryan@hane.org
Cathrine Yundt,20,3659 Erwin Rest,terence_rempel@quitzon.org
Fr. Zelma Hoppe,38,791 Robt Skyway,alonzo@adams.biz
Chuck Ondricka,50,1329 Braun Mountain,jacqui.jacobs@ankunding.org
Roscoe Dibbert,41,550 Johnson Loop,rubi@huel-runte.org
Mr. Yong Purdy,56,51701 Maynard Forks,gerry.runolfsson@larson-bartell.co
Ivory Runte,37,7931 Rowe Prairie,lorie@lesch.com
Dr. Mertie Bauch,47,43219 Wolf Orchard,harlan.sauer@lowe-hane.info
Darin Hirthe Jr.,44,2173 Fermin Centers,eileen.gutmann@langworth.name
Ricky O'Reilly,50,3806 Hung Shore,dion.cremin@kuvalis.biz
Rudy Feil LLD,58,411 Elmer Loop,larissa@lang.co
In Murphy,59,428 Andrea Station,sammie_abbott@rowe-conroy.org
Rev. Nicolas Waelchi,44,9196 Randell Fords,odis.rippin@goldner-satterfield.info
Dean Friesen,29,66890 Pacocha Harbors,lannie_grady@hudson.name
Tonita Daugherty V,25,56674 Harber Summit,dewitt_little@legros.name
Brad Schamberger,35,88565 Collins Circles,bell.mcclure@quigley-leffler.info
Meg Langworth,27,24006 Karolyn Ridges,berta.wintheiser@cummings.info
Pres. Kristina Greenfelder,29,99508 West Plains,doreen.gleason@strosin-schuppe.org
Lucius Ferry,57,266 Darla Hill,jeffry_schumm@kessler-lubowitz.io
Kory Koch,33,54342 Johns Ville,demetrius@johnston.net
Latoria Jacobson,40,6779 Schmidt Station,mari.carter@mckenzie.info
Aracely Mitchell,56,60610 Waelchi Fords,tomiko@nienow.org
Mckinley Bednar,51,60327 Jakubowski Summit,candra@hettinger.io
Rocky Roob,33,71812 Kimberlee Ridges,quinn.ernser@smitham-mcdermott.info
Jacquelyne Russel,25,504 Kuhlman Corners,francesco_mclaughlin@kerluke.info
Pres. Donn Howell,58,38923 Schuppe Drive,celestina@schimmel.info
Gov. Errol Lynch,59,346 Hans Via,jacquelin@abernathy-harvey.info
Ilene Simonis JD,52,98835 Ashlee Island,carey@raynor-upton.biz
Tanner Schoen,44,5492 Wesley Pass,ronnie.jones@lakin-schmitt.com
Rev. Mirtha Howe,27,224 Lebsack Trafficway,jennette_hessel@collins-jakubowski.com
Virgil Herzog,47,863 Trantow Crossroad,antonina.von@mayert.biz
Marlys Hamill II,56,845 Lisette Keys,phil_runolfsson@wuckert.com
Nannette Lebsack,50,46510 Muriel Fords,chang_swift@gottlieb.biz
Ophelia McCullough,44,960 Dan Stravenue,devon@cole.net
Mckinley Gutmann,29,6879 Vito Trail,vernice@zieme.net
Olevia Swaniawski,22,8242 Breitenberg Islands,jackson@tromp.io
The Hon. Shaun Marks,46,2585 O'Connell Cliffs,jesus@schultz-grady.io
Idella Schmeler,21,1893 Bashirian Terrace,marvin.schuppe@labadie.name
Elena Hills,26,694 Nader Vista,tyree_christiansen@grimes.io
Gricelda Gutmann,37,6916 Hane Fort,alana@beahan.name
German Huel,60,560 Shaneka Path,michael@legros.org
Mr. Branden Gerhold,52,5270 Ward Run,ahmed@heathcote-zemlak.io
Freddie McClure,57,558 Bednar Fork,jordan@cremin-wehner.biz
Marybelle Lebsack,59,1992 Lakenya Isle,jon.cronin@lynch-breitenberg.name
Doyle Collins IV,60,3372 Johnston Well,retta@miller.co
Taylor Macejkovic,56,395 Augustine Points,willena@schultz-fadel.org
Sindy Conroy,52,5148 Fletcher Ville,courtney@wilkinson.name
Quintin Nader II,30,8213 Dino Lock,myron.mayert@ankunding.com
Reita Reilly,36,461 Lemke Trail,shanita@goldner-bosco.name
Burl Luettgen DC,51,96916 Kent Knolls,alphonse_orn@senger.net
Lourie Willms,35,653 Titus Orchard,ardelle.hessel@okuneva-oreilly.biz
Ms. Kandice Koelpin,49,5503 Harber Trafficway,hope.ohara@schmitt.org
Nathan Connelly,45,944 Frieda Brook,antonette.rice@prohaska-wiegand.info
Jeanne O'Hara VM,38,347 Vandervort Isle,alec.sporer@emmerich-koepp.org
Angela Collier,35,4430 Jae Tunnel,zona.miller@hintz.io
Josefina Rempel,31,694 Yuko Track,danny@okuneva-kihn.net
Jerri O'Connell CPA,60,40640 Alton Corners,cyrus@kessler-beier.org
Hal Wyman,39,180 Leroy Hills,hans_lakin@hane.com
Teddy Cronin,49,470 Piedad Manor,ivey@muller-casper.net
Chad Klocko,28,157 Predovic Springs,kassandra.lueilwitz@lemke-gutkowski.biz
Sunny Kuvalis IV,18,847 Ian Fords,jeanetta@toy-schuppe.co
Aron Towne,50,32092 Alane Keys,carson.cassin@hills-kuhic.co
Kirk Gusikowski,26,551 Wilderman Spurs,christian@hoppe.biz
Rene Windler CPA,25,542 Bartoletti Mount,petra_volkman@denesik.com
Clifton Ryan,29,2482 Romeo Unions,bong@oconner.io
Blanche Ziemann,42,566 Schmitt Green,harold@ritchie.info
Hyman Dach,48,9173 Doyle Plains,jefferey@weber-rau.com
Roger Borer JD,58,38480 Clifford Drives,beulah_spencer@kovacek.org
Ruben Mills CPA,54,321 Arletha Trafficway,francene.west@mohr.info
Fred Kshlerin,45,842 Velia Tunnel,cecil_feeney@wisoky.io
Kizzy Kuphal,52,498 Tressie Centers,fabian@auer.com
Stephen Corwin CPA,25,116 Muller Isle,mel@mertz.info
Myong Metz,27,920 Miranda Springs,keiko@feil.biz
Eddie Emmerich I,35,971 Rempel Locks,meghann@christiansen-gerlach.org
Rudy Thompson,59,515 Rudolph Roads,angel_hilpert@cole.biz
Forest Wuckert,35,2261 Norris Fort,ty@smith-heaney.biz
Ming Schmitt,35,69834 Grant Groves,odell@kemmer-wuckert.com
Yuriko Yost,54,719 Kuhlman View,norbert.waelchi@terry.info
Shandi Schamberger I,24,6639 Miguel Common,brady.spinka@hand.info
Reiko Tillman,58,27266 Margarito Lock,andre@cummerata.info
Kelsey Haley MD,48,222 Grady Rapids,loyd.mills@rippin-erdman.name
Angila Langworth,55,114 Eula Islands,filiberto.okeefe@hirthe-berge.com
Lawrence Ankunding,25,86390 Solomon Mission,jeannie@ferry.org
Janice Barton,19,37731 Blanda Valley,harley.howe@nienow-morar.biz
Ms. Myrtis Rolfson,38,84751 Irvin Ports,rick.nitzsche@smith-jaskolski.co
Wilhemina Stamm,35,43052 Lemke Crossroad,graciela@bruen.info
Guillermo Jones II,25,95737 Everett Village,wilson_kemmer@bradtke.io
Arnoldo Goodwin,28,3840 Nicolas Circles,altagracia.hackett@oreilly.org
Danial Halvorson,32,996 Everette Corners,coleen_ullrich@schaefer-yundt.io
Odell Ortiz,21,7944 Mueller Mills,curt_herzog@bashirian.name
Shizue Davis,33,745 Silvana Loop,neil@lindgren.co
Prof. Hazel Denesik,25,4583 Simon Drives,chanell_halvorson@johnston.net
Mrs. Fallon Kris,49,57352 Von Hills,lyle_schulist@boyer-lowe.com
Mack Gibson,56,58033 Jaskolski Ways,wilfredo@okeefe.io
Synthia Beatty Sr.,60,6517 Hackett Ports,ardell_jenkins@connelly-sanford.co
Ashli Luettgen,56,302 Shae Drives,palmira@conroy.co
Ramon Ziemann,49,58500 Parker Pike,benny@kemmer.co
Carlton Goodwin,51,57953 Huels Grove,ivory.quigley@mcdermott.name
Pedro Haley PhD,30,54424 Rau Manor,tommie_baumbach@rolfson-rice.co
Lean Kunde,43,6704 Monahan Dam,garland@kling.com
Michiko Schoen,54,650 Larkin Track,cherilyn@hagenes.net
Spencer Daugherty,28,46498 Linh Burgs,ray@langworth-lesch.info
Roscoe Metz,33,7487 Tameka Pass,ricki.kozey@bins.name
Naomi Mueller,22,805 Glennis Row,will@luettgen-konopelski.info
Sen. Nestor Lesch,33,59937 Sallie Ford,darlena_block@prohaska-satterfield.biz
Dina Bernhard,18,61294 Chauncey Hill,elliott_anderson@orn-jacobi.org
Vikki Predovic,43,38233 Treena Square,dannielle@kling-nicolas.org
Nickolas Hagenes,36,15452 Natalia Extension,cliff.funk@weissnat-hessel.net
Martin O'Kon,58,6569 Gita Neck,karey@zulauf.org
Palmer Botsford,33,87109 Leandro Streets,tyree_effertz@keebler.net
Scott Larson II,22,5870 Daniel Vista,daysi_hickle@corkery-funk.org
Janine Kozey,19,12384 McKenzie Burgs,manie@howe-altenwerth.name
Maryrose Carter,49,933 Metz Land,kelly@huels.org
Vincent Nienow,42,981 Erin Radial,nadia_macgyver@walsh-trantow.info
Armand Zboncak,52,241 Cassi Plaza,gia@hagenes-stark.net
Truman Jenkins,26,846 Joi Parkway,kris_kuhic@walter.com
Romana Russel,55,79087 Bechtelar Mount,numbers@flatley.io
Connie Dietrich,43,9697 Heidy Rue,carin.schroeder@gutkowski.org
Pres. Shawnna Oberbrunner,24,49585 Stokes Walk,dong@russel-witting.com
Tyree Blanda V,56,24401 Val Station,len_boyer@fay.info
Alexander Beatty IV,27,5835 Buddy Canyon,neil.kris@davis.info
Marcelle Leuschke II,24,93652 Vandervort Points,zack.lowe@roob-effertz.org
Rep. Arnette Kshlerin,20,61880 Erin Village,brandon.blick@windler-zemlak.name
Deirdre Collins III,32,5239 Weissnat Terrace,arnulfo_kerluke@rutherford.info
Joye Fadel,36,332 Schinner Parkway,marion@zboncak.io
Alexa Howe,36,82308 Flatley Locks,young@gerlach.co
Pres. Thanh Walker,60,4516 Ezequiel Circle,jed@okuneva-towne.biz
Napoleon Kihn,47,29411 Orn Cliffs,hoyt.grimes@homenick.io
Michael Douglas CPA,45,58844 Joey Streets,ma_hills@walker-shields.co
Yon Murray,25,830 Gus Garden,donn@veum.org
Rev. Many Bruen,39,89689 Ceola Forge,burt.larkin@harber-von.co
Leonardo Cruickshank,47,2565 Hamill Fall,yoko@runolfsson.info
Rossie Goodwin Jr.,30,10766 Lisa Mission,viva@feil.com
Ernest Langosh,53,5416 Jerome Flat,royal.block@rath.io
Wade Treutel,19,9975 Nelson River,riva_donnelly@steuber-emmerich.biz
Marjory Bernhard DC,47,86681 Rippin Islands,ada_gusikowski@kuhn.net
Brent Smitham,31,15000 Bartoletti Ville,rick_marquardt@pfeffer.info
Jonathon Connelly,42,5280 Van Village,gerardo.ratke@pacocha.org
Pres. Jimmy Klein,27,5580 Venita Harbors,rodolfo@hane.name
Jonathon Kihn,49,5822 Emerson Islands,ivan_oreilly@bayer.com
Jerrell Waelchi,42,881 Harriet Prairie,marsha@wisoky-bahringer.io
Larry Bahringer,25,948 Hodkiewicz Freeway,jess_willms@ward-koss.name
Fr. Rod Cassin,27,10589 Moira Courts,ashly@schmitt-crist.com
Reed Gottlieb,43,862 Ernesto Ford,jeremy@smith.io
Sade Schmidt,27,5603 Micah Drive,raymond@bahringer.info
Tom Jenkins,29,35393 Williamson Stream,blake@bernier.org
Carmela Volkman,40,1022 Christiansen Views,carie@macejkovic.net
Kazuko Johnson IV,40,93993 Miller Run,sade_pfeffer@kozey.net
The Hon. Reginald Kuvalis,29,1538 Witting Terrace,anja@koelpin-harber.io
Francesco Dietrich,42,60379 Larraine Village,kirsten@sanford.biz
Russell Terry,49,299 Angel Cove,isidro@pfannerstill-graham.org
Aimee Hilpert,39,22249 Schneider Brooks,nelia@morissette.net
Lorine D'Amore,59,6314 Shaquita Mountain,daron.armstrong@waelchi.co
Malcolm Schumm,26,213 Farah Islands,vincent_johnson@goldner.org
Sen. Elmo Morar,41,307 Cassin Common,gregg.feest@tillman.com
Amado Ebert,27,277 Gregorio Hollow,reyna.hermiston@skiles.io
Yvone Hahn,18,87195 Dannielle Lakes,son@dubuque.com
Denny Lesch Jr.,19,28502 Renae Path,sterling@nicolas-abernathy.com
Zenaida Abernathy IV,47,35074 Dean Views,joleen@schiller-mosciski.org
Tod Walker,25,638 Gertude Burg,judi.thompson@volkman.net
Evelin Hand LLD,30,53737 Deonna Ridges,ashanti@wintheiser.co
Sylvie Sauer,23,5892 Cruz Divide,herman.fisher@marquardt.net
Cecilia Adams,54,724 Lemke Plains,wilfred@robel.name
Molly Dickens,54,3542 Hintz Isle,kenny.rempel@jacobi.biz
Molly Quigley,21,159 Tremblay Trafficway,ardath_renner@harber.net
Miss Olive Larkin,47,347 Keva Passage,eddy.bernhard@price.io
Tiffaney Considine I,57,31455 Nakesha Meadow,sharyl.rohan@hoppe-kunde.io
Paulene Wolf,35,752 Phuong Pines,shalon@funk-klein.info
Faviola Klocko,58,22871 Wuckert Walk,tyrell.howell@goyette.com
Rudy Aufderhar,18,6645 Mitzie Tunnel,booker_kling@reinger.name
Madie O'Keefe,39,18153 Lane Port,alfonzo@mayert-keebler.biz
Trinidad Littel,34,15886 Tawny Island,tyson@dietrich-cormier.com
Oralia Lebsack,56,744 Mayert Loaf,bradley@harris-schuster.org
Eugenio Emmerich,26,52681 Charlie Turnpike,billie@walter.net
Hai Ward Ret.,35,390 Bruce Plain,pia@heathcote-waters.org
The Hon. Brent Ankunding,39,9152 Buster Turnpike,dusty@hodkiewicz-schroeder.name
Maynard Wilderman Jr.,37,113 Ruecker Keys,blake@botsford-pollich.biz
Prof. Katrina Deckow,60,7324 Raymonde Overpass,alessandra@luettgen.org
Sheldon Breitenberg Sr.,42,127 Gema Garden,artie.runte@walker-jerde.co
Jason Gutkowski,31,16165 Bradtke Forges,karey_maggio@keebler.io
Suzette Ullrich,60,281 Andy Creek,linda@nienow.info
Williemae Robel,27,1373 Celena Orchard,nolan@satterfield.net
Miss Delcie Cruickshank,45,519 Brad Flat,marquerite@graham.biz
Mr. Corene Schuster,33,8903 Swaniawski Path,rashad.sporer@abshire-baumbach.com
Dorotha Price III,18,667 Kathryne Heights,deloras_altenwerth@ondricka.io
Sterling Glover DDS,51,600 Latoyia Manor,reinaldo@windler-tillman.biz
Franklyn Stehr,56,2745 Ankunding Path,minda@cole.org
Phillip Frami,46,442 Horace Oval,maryann@conroy.biz
Nedra Kunde,48,16898 Giovanni Estates,timmy.reynolds@treutel.org
Mack Gibson,22,97466 Anthony Glens,horace.satterfield@jacobi.co
Bernie Greenholt Sr.,36,7957 Ebert Mount,carson@corkery-cassin.co
Wan Kovacek DDS,27,61490 Susie Shore,alexis_wolff@balistreri.name
Ronda Murray,47,150 Temple Cliff,fernando@legros-ebert.biz
Oswaldo Marquardt DVM,33,83885 Randell Harbor,man_hammes@nitzsche-ortiz.info
Lanita Harber,36,52732 Gerard Road,junior.sawayn@dickinson-hauck.biz
Corie Cummings PhD,29,15371 Alishia Plaza,mayra@hoeger.name
Vito Jenkins,41,766 Mohr Brook,neville@roberts.org
Donny Watsica,28,62680 Stiedemann Point,edmund@mante.net
Sherry Lemke,35,33331 Burton Courts,bryan_ullrich@armstrong.io
Rupert Oberbrunner,37,57193 Elfriede Tunnel,wayne_stark@russel.info
Carline Bashirian Ret.,46,2726 Gerlach Village,alysha.hudson@walsh-corkery.co
Daysi McKenzie III,60,4596 Schultz Orchard,gregorio_morissette@schultz.com
Mr. Anh Bailey,50,54260 Toni Prairie,johnathon_crist@schoen.name
Charmain Deckow,36,5164 Gleichner Street,george_fadel@kub.co
Vella Thiel,55,951 Collene Harbor,wally@carter.io
Sen. Kathy Tillman,35,64694 Koss Prairie,clay@feest.biz
Haywood Stehr,56,263 Lee Forge,jerrold@huel.io
Gov. Kelly Kerluke,31,8223 Guadalupe Locks,will@watsica-marvin.biz
Laurence Hartmann,46,72253 Sherise Lodge,laurette_west@walker.co
Dominique Predovic,20,3038 Jetta Burgs,rina@dare.org
Dr. Judith Wisozk,26,9192 Alverta Mountains,ismael@morar.co
Josephine Kihn,27,141 Reinger Plains,janina@borer.com
Christoper Gislason,46,33484 Hank Port,jannette.feeney@ohara-lindgren.com
Rusty Ankunding,23,593 Coleman Roads,tatyana@murphy.co
Alejandro Bernier Ret.,51,335 Lyman Way,ernest.gutkowski@howell.co
Ms. Adrian Balistreri,43,5943 Mariann Villages,jami_kuhn@volkman.org
Luigi Dicki,45,957 Pagac Trace,lucina.anderson@spinka.co
Luann Collier DO,29,643 Moises Camp,margart@johnson.co
Logan Johnson,35,394 Schaden Meadows,doris@oconner-wilderman.org
Oren Frami,21,772 Shaun Plain,delilah.wuckert@roob-kutch.org
Rev. Laveta Langworth,50,71341 Casper Extensions,fritz@heathcote.com
Ms. Jefferson Tremblay,38,8668 Mertz Brooks,elanor@morar.co
Seymour Kuhn,46,1889 Daugherty Expressway,micah@gorczany.info
Wilbert Shields,18,834 Cummerata Burg,demetria_moen@kerluke.io
Miquel Jenkins,18,539 Lang Avenue,lane@gerhold.com
Errol Labadie,56,301 Stephen Hill,faustino_okeefe@ullrich.co
Garth Casper DVM,35,208 Stark Stream,magda@gorczany-boyer.name
Melony Walker,25,8302 Jenette Cove,kraig@gorczany.co
Julius Strosin CPA,39,725 Bode Brook,neal@ziemann.name
Mr. Denis Smitham,23,7302 Antonio Plains,kattie@considine.biz
Andera McKenzie,40,507 Sheldon Corners,vincent.franecki@wunsch-gleichner.co
Savannah Rath,26,22127 Walter Mills,alonzo@hoppe.io
Lennie Hahn,26,702 Monroe Junctions,curt_jaskolski@sauer-mohr.com
Murray Zieme,44,8607 Dagmar Ports,kip_gottlieb@vonrueden-roob.io
Zelda Waters,50,9957 Dominique Flats,rosy@considine.org
Laverne Carter,31,72145 Petrina Ports,micha@botsford.info
Violeta Cummings,29,480 O'Hara Manor,devon@ledner.io
Mrs. Jesusita Anderson,25,8999 Skiles Estates,eldon@renner-senger.org
Kindra Bayer CPA,52,217 Clayton Field,paola@hartmann.org
Keira Mohr,55,78083 Jolene Place,grant.rodriguez@muller.name
Christoper Maggio,35,2850 Herzog Fort,noel_rempel@harber.biz
Christine Bailey,31,4162 O'Connell Falls,alfonso@kling.info
Prof. Gertie Fay,31,64846 Goyette Mews,kraig@hackett.biz
Floy Fritsch,40,630 Buckridge Squares,jamila@kreiger.com
Emory Lubowitz,20,828 Hiram Pine,arron.walsh@torp.com
Mathew Marquardt,55,4571 Jeremy Mount,donnette_reichert@dooley.biz
Dr. Angelena Deckow,55,46849 Runolfsdottir Port,linwood_kohler@cummings.org
Sean Harber,56,1898 Simon Field,garth_flatley@sawayn.net
Gov. Tyrell Stroman,35,575 Waters Turnpike,adolph@gorczany-dickinson.org
Bonnie Kris,54,722 Karon Ramp,shantell@spencer-keebler.biz
Charlsie Kessler DO,30,90942 Leuschke Center,len.quigley@cruickshank.biz
Giovanna Gleichner V,45,5668 Abernathy Street,madalene@senger.biz
Magali Bosco II,33,384 Marine Valleys,providencia@wuckert.net
Miss Seth Brakus,37,4942 Torphy Village,verline@schneider.biz
Bo Collins,49,45828 Kuvalis Meadows,madelaine_kovacek@cormier.org
Chere Hickle MD,40,856 Katlyn Mill,emanuel@zboncak-kuphal.info
Mitchell Doyle,32,68855 Jaimee Place,thanh.dooley@tremblay.org
Jeanmarie Hammes,24,677 Nolan Roads,rudy@bogan.co
Trudy Weissnat,40,6598 Angelic Views,larhonda@smitham.co
Prof. Geraldo Brown,38,652 Ivan Gateway,christian.dicki@bayer.io
Jerald Ortiz,47,1051 Emile Locks,cameron_kuphal@howell.info
Tony Herman CPA,33,251 Schaden Square,anette.upton@leannon.co
Armida Hodkiewicz,48,22233 O'Kon Ville,isaiah@stamm-bergnaum.com
Ciera Simonis LLD,48,34344 Kaitlin Coves,bret@welch.com
Loyce Ruecker,54,341 Skiles Inlet,kelvin@douglas.co
Ezra Feil,18,725 Kuhn Skyway,jonathon@wehner.org
Gov. Elden Toy,20,57937 Sanford Squares,cortez@bernhard-parker.info
Melia Ortiz,27,28611 Ellsworth Ramp,vicente@kutch.com
Rae VonRueden,29,48533 Mandie Mountains,raylene@considine.info
Glennis Orn,27,723 Taylor Well,melida@oconner.io
Cordell Lebsack CPA,56,21952 Joie Spring,leontine_olson@bosco.info
Loree Dicki,49,689 Natalya Views,jack.ullrich@batz.info
Otis Ortiz,25,78447 Mittie Canyon,arthur.blick@kris-anderson.co
Nakesha Douglas,21,15611 Mayer Roads,adelia@ullrich.org
Miss Raymond Torp,58,54903 Jason Unions,sherrie@marks.io
Lissette Cremin,34,509 Lesch Locks,wilfred.reynolds@ernser.co
Woodrow Sipes,56,9308 Horacio Tunnel,beverlee@walker.info
Brett Cartwright,21,11135 Gutmann Manor,aileen.nicolas@bergnaum-medhurst.org
Ozell White MD,33,8111 Wally Prairie,franklyn@bernhard-frami.co
Zackary Graham,29,186 Kessler Glens,eddy@langworth.io
Arlen Ferry,58,9775 Dimple Streets,paul.luettgen@schoen.co
Rolland Pouros,32,77941 Craig Gardens,ramonita@maggio.io
Kris Wolf,54,387 Walsh Points,lavina_conn@hauck.com
Amado Fahey,48,62682 Donnelly Ports,jena@mann.co
Ligia Halvorson,43,7731 Larraine Crossroad,lupe_king@mertz.net
Yon Jenkins,57,810 Towne Shoals,wiley@haley.info
Lon Schmeler,35,97785 Vernon Wells,shauna@white.biz
Jeffery Schaefer,32,633 Hammes Fork,sang_gulgowski@macejkovic.com
Darrell Mante,56,6850 Rolando Orchard,risa@cronin-schulist.io
Dr. Adan Gutmann,29,32214 Douglas Prairie,mina.wisoky@wolff-haag.info
Theo Kuhlman,39,426 Mosciski Port,pedro_reilly@jaskolski-quigley.com
Brock Champlin,56,38279 Collier Squares,louie_mclaughlin@johnston.org
Yasuko Reilly,27,3428 Larson Village,miles.hermann@gislason-hills.net
Long Bednar,44,763 Antoine Forks,derrick@herman.net
Rhiannon Haley,42,945 Frankie Courts,odelia@cummings.io
Joann Howell LLD,57,405 Jast Camp,roseline@kemmer.info
Richard Blanda,36,392 Bethel Gardens,genevieve@mcdermott-johnston.org
Therese Hagenes DVM,30,48777 Van Ridges,lon_kling@walker.org
Mathew Anderson,45,3982 Carter Dam,johnie_daugherty@ryan.info
Mrs. Brigette Vandervort,22,5663 Elroy Turnpike,billy.wilderman@koelpin.info
Prof. Callie Veum,52,9074 Welch Drive,fransisca@wehner.co
Leia Nolan III,60,6805 Roberto Course,leon_cole@wiza.info
Msgr. Cecilia Runolfsson,53,14944 Myong Trail,cole_hartmann@kreiger.com
Carmelo Boyer,24,631 Erasmo Walks,lakiesha.white@stoltenberg.co
Thad Kovacek,39,32851 Halvorson Unions,tianna_smitham@gerhold.name
Danielle Kunze,31,7347 Bergstrom Stravenue,ezra@carter.com
Scot Rice,39,310 Devin Passage,trudi@yundt.org
Pres. Shavonda Ritchie,47,908 Angelo Mountains,santos@monahan.net
Lanell Pagac JD,30,192 Bayer Orchard,darryl_morissette@mueller.org
Marcy Quigley,60,43354 Gisela Cape,alice.zieme@ritchie-beer.info
Derek Mohr PhD,48,257 Schaefer Views,rhiannon@lemke.org
Reyes Willms,39,2051 Roseann Radial,theda@deckow-fadel.io
Antonio Schmeler,42,3848 Bradtke Ford,alysia@ward-flatley.net
Clotilde Ebert CPA,34,155 Ali Viaduct,dalila@pagac.info
Karoline Schultz,21,62338 D'Amore Creek,ezekiel.goyette@simonis.org
Bud Strosin JD,18,472 Morissette Road,ali@quigley-nikolaus.info
Rev. Alvin Dicki,37,706 Johnson Extension,ruthanne_treutel@bradtke.com
Randi Hilll,38,167 Gibson Ports,steffanie.lebsack@kunze.com
Kecia Veum,36,703 Dooley Route,malik@grimes-breitenberg.name
Martin Smitham,26,49859 Florencio Place,irwin_considine@monahan.info
The Hon. Gertrude Stehr,51,529 Merle Trace,norman_olson@sawayn-welch.info
Philip Haley,59,316 Wintheiser Prairie,tashia.smitham@ortiz.io
Giuseppina Kuhlman,59,5398 Sporer Rest,benjamin.bergnaum@spencer-greenfelder.com
Jasmine Ziemann MD,31,338 Walker Mill,patricia@white.biz
Terence Hyatt,28,868 Green Prairie,diann_kohler@bradtke.org
Loren Kshlerin,56,1043 Bergnaum Shoal,thanh@jaskolski.com
Mirna Cummerata V,28,3478 Leda Oval,belva@hegmann-goodwin.biz
Demetra Kessler,20,7075 Milton Street,molly@rohan-kuhn.co
Mathew Swaniawski,25,6925 Gutkowski Rapids,lazaro@konopelski.org
Denis Schultz,29,6040 Davis Place,dong@blanda-orn.com
Mr. Yung Hessel,27,28172 Blaine Pike,chet.klocko@runte.org
Alesha Treutel,45,6024 Treutel Vista,lindsay.kris@dach.co
Dick Bartoletti,30,1008 Charlotte Mission,athena@turcotte.name
Marylou West MD,51,592 Terisa Port,jae_cummings@herzog-denesik.io
Kimberly Ebert,22,47740 Corey Throughway,rina_beier@frami.biz
Shakia O'Hara,52,82064 Sawayn Heights,ezequiel@kshlerin-hudson.org
Cassy Frami,39,77196 Bruno Pike,eddy.emmerich@hodkiewicz-ohara.name
Flavia Wuckert,45,59462 Florentino Prairie,manda.wiegand@welch.biz
Tommie Johnson,44,926 Mayert Lodge,laure@russel-moen.org
Haywood Beahan,20,2065 Stroman Gardens,osvaldo@rogahn.biz
Deb Rice,51,178 Ledner Bridge,janis_stanton@fisher.biz
Jayne Kerluke,18,774 Rodrigo Loop,edison.deckow@jones-rempel.net
Phuong Gulgowski,27,73540 Murray Glens,wilber_zboncak@casper.org
Troy Trantow,31,2654 Bartell Stream,rick@smith-weissnat.info
Dorothea Schuster Jr.,23,979 Lyn Glens,sherlyn.monahan@gleason.info
Amira Lubowitz JD,60,1020 Miller Trafficway,carmela@roob-kuvalis.info
Ria Moore,57,5080 Julio Rapids,hugo_smitham@vandervort-beier.com
Carol Kovacek,20,82050 Schultz Prairie,solomon.bogan@goodwin.info
Mr. Gemma Lesch,55,859 Maggio Route,eli_wuckert@hansen.org
Msgr. Marni Koelpin,19,881 Laurice Mountain,waldo.dach@reilly.co
Wilbur Kutch,18,70656 Jones Bridge,cleveland.grimes@lueilwitz.biz
Mr. Cornell Pollich,24,841 Torp Course,cecil@batz.name
Debra Medhurst,58,45481 Davis Corner,erma@effertz.io
Shanice Vandervort,29,2937 Signe Club,fae@wisoky-walsh.info
Julienne Schaden,50,5733 Wiegand Ville,erasmo@franecki.name
Buford Wilderman,20,4772 Reinger Vista,lanny_wunsch@schroeder.io
Nathaniel McKenzie,56,11459 Eldridge Branch,dewey_dach@mante-gulgowski.net
Aretha Langosh,42,58901 Wolff Springs,jessie_barton@lemke.com
Van Padberg,59,196 Greenfelder Dale,mitchell.moore@kshlerin.name
Darius Kemmer IV,27,265 Cormier Station,rolland_dubuque@pouros.info
Nichol Grimes,41,127 Mitchell Way,alonzo.spinka@shields.net
Alanna Lemke,47,56267 Margeret Glen,nicolette.farrell@cartwright-gulgowski.io
Erik Flatley I,59,6460 Lynn Walk,arica.koss@koelpin.com
Amb. Gertie Schmeler,59,3027 Glinda Fall,chu@simonis-grimes.name
Scott Roberts II,43,50665 Rath Isle,dario.gleason@kirlin-marvin.io
Lyndon Stanton,26,2312 Grimes Way,ozzie@emmerich.info
Jessie Klein LLD,40,312 Shaunna Passage,jarred@bahringer.info
Tish Schmitt LLD,19,786 Farrell Village,slyvia@prohaska-johnston.biz
Seymour Hoppe,42,5309 Bertram Valley,isaias_pouros@pagac-buckridge.com
Berna Hane MD,21,872 Bartoletti Well,yi@kuhlman.io
Ginny Barrows,60,472 Ludie Divide,clifton.nitzsche@skiles-fisher.org
Clemente Medhurst CPA,29,87748 Rene Burgs,leif@zemlak-franecki.com
Isabella Cronin,23,143 Cari Haven,ismael_douglas@kirlin.name
Johnathon Hackett,25,84692 Ilda Stream,paulina_ernser@lindgren.info
Richelle Howe,55,99843 Tonette Valley,gilbert_waters@homenick.org
Gov. Brain Padberg,55,93335 Murray Alley,lottie@marks.org
Amb. Jae Runte,22,9237 Hyman Key,kamilah@auer.info
Chadwick Leffler,38,58146 Brakus Forest,eli.wisoky@durgan.org
Michael Orn,25,999 Blair Plain,chi.wilkinson@abernathy.name
Katie Christiansen,51,585 Kris Valleys,asa@damore.biz
Corey Thiel,31,15814 Alyce Common,chiquita_larkin@schumm.net
Eugene Feest,59,30925 Jamika Square,ambrose_lemke@klocko.info
Sen. Jimmie Huels,37,20579 Lenna Summit,ernest@reynolds.co
Andrew Legros VM,29,2419 Lesch Drive,lyn@okon-harber.org
Amb. Marion Towne,30,479 Gale Crossing,neville.murray@tremblay-olson.biz
Faye Bechtelar,51,783 Gerhold Road,harrison.kassulke@balistreri.org
Marisela Lakin,38,5976 Domenica Underpass,mitsuko.rippin@herman-thompson.org
Janetta Dietrich,18,430 Hollis Bypass,duane_kessler@frami.biz
Herb Ledner,51,3476 Darci Rapid,kori@mayer.biz
Clelia Cassin II,31,9888 Ullrich Point,starla.mitchell@stokes.org
Prof. Woodrow Kuhlman,30,48710 Simona Station,ed_koss@bruen-herman.name
Msgr. Suk Altenwerth,39,8496 Sheldon Port,micheal_torphy@wehner.biz
Mr. Augustus Swift,40,2999 Maximina Dam,cruz@gibson.org
Dr. Heike Stehr,25,35387 Fritsch Locks,shonta.glover@weber.biz
Ahmad Harvey,59,2713 Johnson Points,chi@wolff.co
Warner Mohr III,33,2488 Jerrell Extensions,myra.gibson@nolan.name
Denita Feeney,18,929 Zada Track,chrystal_bauch@schaden-gottlieb.info
Anglea Weber,26,463 Auer Club,miquel@hudson.info
German Bergstrom,58,795 Powlowski Haven,dana@bins-grady.net
Abe Mills,39,437 Zona Circles,karin_kshlerin@watsica.info
Tajuana Murray,22,29156 Robert Isle,houston@nolan-ward.com
Chas Hackett,46,9156 Zulauf Union,neil@bednar-kautzer.info
Dustin Jenkins,55,88680 Hilll Underpass,manuela@herman.name
Morgan Heaney,24,965 Simone Ways,jerrod@pfannerstill.com
Melba Kilback,40,1277 Heidenreich Throughway,jim@haley-kilback.com
Jimmie Mueller DC,49,1550 Carl Cove,madalyn.von@lynch.name
Gregory Cremin,30,84883 Vada Ports,thurman_kuvalis@denesik.io
Emelina Koepp,29,87355 Bessie Wells,kendra.kilback@langosh.net
Fr. Daisy Franecki,27,11383 Muller Extension,margrett@raynor-bauch.name
Olene Jast Esq.,40,998 Gleason Passage,omer_oconner@lesch-gleichner.org
Pres. Shandi Leuschke,20,350 Goodwin Bridge,ileana.sawayn@kunze-homenick.name
Kayce Bosco,36,87357 Meagan Parks,hung@shanahan.biz
Yuri Kreiger,58,179 Mueller Estate,luke_runte@heathcote.net
Karleen Rogahn,26,92286 Lakeshia Port,dennis.hand@predovic-heaney.co
Svetlana Koepp DO,22,1389 Lang Green,ezra_lynch@mann-rippin.com
Darrel Lang JD,32,4308 MacGyver Circle,wendell@wintheiser.org
Walter Sauer,38,69774 Huel Summit,taneka.barton@monahan.net
Dr. Yong Rempel,58,5432 Levi Branch,denny@bins-crist.info
Wilbert Hoeger,18,7471 Victoria Curve,omer_mclaughlin@hessel-tillman.io
